{

  "databases_dir" : "databases",
  "expected_output_dir" : "expected_output",

  "problems" : {

    "Problem1c_1" : {
      "database_file" : "survey.db",
      "sort" : true
    },
    "Problem1c_2a" : {
      "database_file" : "survey.db",
      "sort" : true
    },
    "Problem1c_2b" : {
      "database_file" : "survey.db",
      "sort" : false,
      "readme" : "because query is supposed to return results in a certain order, we won't explicitly sort before comparison."
    },
    "Problem1c_3" : {
      "database_file" : "survey.db",
      "sort" : true
    },
    "Problem1c_4a" : {
      "database_file" : "survey.db",
      "sort" : true
    },
    "Problem1c_4b" : {
      "database_file" : "survey.db",
      "sort" : true
    },
    "Problem1c_5a" : {
      "database_file" : "survey.db",
      "sort" : false,
      "readme" : "because query is supposed to return results in a certain order, we won't explicitly sort before comparison."
    },
    "Problem1c_6a" : {
      "database_file" : "survey.db",
      "sort" : true
    },
    "Problem1c_6c" : {
      "database_file" : "survey.db",
      "sort" : true
    },
    "Problem1c_6d" : {
      "database_file" : "survey.db",
      "sort" : false,
      "readme" : "because query is supposed to return results in a certain order, we won't explicitly sort before comparison."
    },
    "Problem1c_7a" : {
      "database_file" : "survey.db",
      "sort" : true
    },
    "Problem1c_7b" : {
      "database_file" : "survey.db",
      "sort" : true
    },
    "Problem1c_7c" : {
      "database_file" : "survey.db",
      "sort" : false,
      "readme" : "because query is supposed to return results in a certain order, we won't explicitly sort before comparison."
    },
    "Problem2a_FD_1" : {
      "database_file" : "publications.db",
      "sort" : true
    },
    "Problem2a_FD_2" : {
      "database_file" : "publications.db",
      "sort" : true
    },
    "Problem2a_NC_1" : {
      "database_file" : "publications.db",
      "sort" : true
    },
    "Problem2b_ID" : {
      "database_file" : "publications.db",
      "sort" : true
    },
    "Problem2b_NC_2" : {
      "database_file" : "publications.db",
      "sort" : true
    }
  }
}
